"user","earnings","treatment"
1,305.547922357333,"Control"
2,208.765091430196,"Control"
3,255.156420566867,"Control"
4,268.643130248052,"Control"
5,257.21341615705,"Control"
6,231.693774195426,"Control"
7,312.576099871947,"Control"
8,232.267048079345,"Control"
9,337.921185693852,"Control"
10,233.864295047379,"Control"
11,302.243482711174,"Control"
12,351.332269635055,"Control"
13,167.556964944383,"Control"
14,223.060561659131,"Control"
15,230.333933180317,"Control"
16,268.797519903504,"Control"
17,222.787353929196,"Control"
18,104.177228954761,"Control"
19,114.976653571224,"Control"
20,303.00566728651,"Control"
21,221.668070296076,"Control"
22,147.934578301,"Control"
23,228.404132212019,"Control"
24,297.73373495863,"Control"
25,331.759673063248,"Control"
26,215.47654341969,"Control"
27,224.136530861554,"Control"
28,148.841845740261,"Control"
29,260.004867741564,"Control"
30,205.000256201994,"Control"
31,259.772506162061,"Control"
32,272.241866861441,"Control"
33,288.755176098496,"Control"
34,206.553681229639,"Control"
35,262.247756164899,"Control"
36,151.149566046333,"Control"
37,197.777049581025,"Control"
38,194.454620291174,"Control"
39,116.289617502668,"Control"
40,238.806130344613,"Control"
41,247.299930010013,"Control"
42,218.947135072567,"Control"
43,274.908161784976,"Control"
44,200.664758646171,"Control"
45,168.585947779035,"Control"
46,258.640901294436,"Control"
47,196.430341190666,"Control"
48,309.205063086063,"Control"
49,215.427689869333,"Control"
50,269.78239417011,"Control"
51,253.096263260197,"Control"
52,197.808052955981,"Control"
53,315.786375989599,"Control"
54,269.144965285866,"Control"
55,241.48803232998,"Control"
56,250.827537364573,"Control"
57,270.964440802764,"Control"
58,241.491644328954,"Control"
59,87.3454958423533,"Control"
60,251.244147676533,"Control"
61,218.638267862951,"Control"
62,246.26152824328,"Control"
63,266.091186368275,"Control"
64,306.986841364634,"Control"
65,200.635397026277,"Control"
66,302.127131602207,"Control"
67,253.792405987604,"Control"
68,288.925304934881,"Control"
69,283.036428414532,"Control"
70,273.043908143343,"Control"
71,184.844053071607,"Control"
72,232.490680669465,"Control"
73,268.175908099977,"Control"
74,189.323832111383,"Control"
75,209.858559271307,"Control"
76,266.049824884084,"Control"
77,275.40893689173,"Control"
78,260.188379427008,"Control"
79,192.711185129516,"Control"
80,182.010955067607,"Control"
81,312.635350490246,"Control"
82,249.896071876602,"Control"
83,241.422011457979,"Control"
84,230.955173123046,"Control"
85,177.283555241974,"Control"
86,267.599844902019,"Control"
87,226.143007712674,"Control"
88,227.862164683404,"Control"
89,283.667316428558,"Control"
90,278.088655525412,"Control"
91,306.605818796714,"Control"
92,213.191303847266,"Control"
93,269.517428036315,"Control"
94,306.5555228195,"Control"
95,181.460556027605,"Control"
96,193.960370656108,"Control"
97,180.413065957312,"Control"
98,164.03930002488,"Control"
99,240.999127662058,"Control"
100,269.660216982459,"Control"
101,297.048268779925,"Control"
102,289.237554358386,"Control"
103,186.839567658008,"Control"
104,329.424095083637,"Control"
105,203.661329562109,"Control"
106,242.275690622803,"Control"
107,215.887205906557,"Control"
108,230.882491402251,"Control"
109,246.409651725075,"Control"
110,242.95804789985,"Control"
111,235.74537245663,"Control"
112,242.403636397102,"Control"
113,212.728238207667,"Control"
114,211.789143465605,"Control"
115,153.945046004259,"Control"
116,217.883313656309,"Control"
117,211.36748710611,"Control"
118,372.09455001724,"Control"
119,168.894188440514,"Control"
120,243.86281092793,"Control"
121,162.318746634185,"Control"
122,163.47821292816,"Control"
123,243.23511930985,"Control"
124,187.168043255798,"Control"
125,236.908869284765,"Control"
126,215.587055928709,"Control"
127,206.316419677525,"Control"
128,135.766107729045,"Control"
129,175.762602482001,"Control"
130,245.975822055897,"Control"
131,265.381029721177,"Control"
132,212.356132322326,"Control"
133,237.003144203268,"Control"
134,293.144482168998,"Control"
135,308.99278714881,"Control"
136,182.144311579709,"Control"
137,231.134021987491,"Control"
138,297.074920045985,"Control"
139,213.513520971685,"Control"
140,234.37652575305,"Control"
141,232.694635088146,"Control"
142,192.616049104678,"Control"
143,214.765799755763,"Control"
144,235.527756045588,"Control"
145,216.306557547104,"Control"
146,292.66930116841,"Control"
147,212.950357917301,"Control"
148,215.341548369964,"Control"
149,271.843128827605,"Control"
150,184.181579341455,"Control"
151,234.965076242439,"Control"
152,159.42275888262,"Control"
153,295.358477461784,"Control"
154,223.317714931296,"Control"
155,213.607733766387,"Control"
156,175.087383600689,"Control"
157,236.611898311134,"Control"
158,196.985891102417,"Control"
159,210.325383502478,"Control"
160,301.383762279229,"Control"
161,228.223706487894,"Control"
162,183.410880792466,"Control"
163,245.160344123369,"Control"
164,218.863079218603,"Control"
165,266.500677399367,"Control"
166,308.62109638655,"Control"
167,187.365374444525,"Control"
168,259.732514879014,"Control"
169,241.244902933924,"Control"
170,281.778279113227,"Control"
171,225.511093052687,"Control"
172,278.830953423031,"Control"
173,149.747206933165,"Control"
174,321.472946065669,"Control"
175,280.238898925929,"Control"
176,229.461200555713,"Control"
177,164.549643493042,"Control"
178,269.150435002099,"Control"
179,261.159693190738,"Control"
180,236.682218678931,"Control"
181,244.572794643121,"Control"
182,207.79455148251,"Control"
183,255.440336631512,"Control"
184,251.732716985976,"Control"
185,223.037031332871,"Control"
186,170.188167255342,"Control"
187,272.037440922002,"Control"
188,264.709831113702,"Control"
189,195.184670359929,"Control"
190,157.270591899688,"Control"
191,247.247929029382,"Control"
192,219.745601101356,"Control"
193,249.630585168223,"Control"
194,172.299876725772,"Control"
195,189.041477780982,"Control"
196,291.288742683995,"Control"
197,257.188745235786,"Control"
198,266.324376835965,"Control"
199,327.761422307698,"Control"
200,243.441071430119,"Control"
201,136.953538113424,"Control"
202,253.688859871679,"Control"
203,295.56625636794,"Control"
204,339.976962114965,"Control"
205,168.156920087974,"Control"
206,179.457221718645,"Control"
207,201.708930261994,"Control"
208,184.29721089614,"Control"
209,204.712813842875,"Control"
210,227.731101616175,"Control"
211,176.938897463001,"Control"
212,338.848608349158,"Control"
213,242.388737244277,"Control"
214,232.794594974721,"Control"
215,261.78098208023,"Control"
216,238.870759305898,"Control"
217,230.395598152205,"Control"
218,310.839371177605,"Control"
219,226.148489495395,"Control"
220,172.819889795389,"Control"
221,256.28339452217,"Control"
222,219.424356323545,"Control"
223,210.910195332187,"Control"
224,183.593439965641,"Control"
225,258.418295163335,"Control"
226,228.29908827865,"Control"
227,262.783386432401,"Control"
228,225.281736134704,"Control"
229,204.074828708911,"Control"
230,299.511830203936,"Control"
231,223.41181424443,"Control"
232,284.39759979376,"Control"
233,176.920878494553,"Control"
234,213.694195181225,"Control"
235,223.532430242341,"Control"
236,217.451729593457,"Control"
237,304.435350599586,"Control"
238,235.861764935079,"Control"
239,249.211292555173,"Control"
240,189.881414606804,"Control"
241,200.539136174521,"Control"
242,286.903445427742,"Control"
243,299.924083229778,"Control"
244,299.443184440505,"Control"
245,167.968147523734,"Control"
246,339.49803468182,"Control"
247,287.843641489977,"Control"
248,235.664126793087,"Control"
249,272.180388939913,"Control"
250,188.430738542407,"Control"
251,182.192187922057,"Control"
252,239.45252254688,"Control"
253,177.075207172111,"Control"
254,246.500949927987,"Control"
255,301.885294980233,"Control"
256,185.306313851762,"Control"
257,200.077962289347,"Control"
258,239.328196972543,"Control"
259,186.120194008695,"Control"
260,217.835802005686,"Control"
261,280.63777058357,"Control"
262,285.477250698506,"Control"
263,256.192333251355,"Control"
264,144.422216846627,"Control"
265,234.300163158692,"Control"
266,290.238660716914,"Control"
267,277.65975187058,"Control"
268,227.459176294786,"Control"
269,102.003509571815,"Control"
270,240.048331940056,"Control"
271,265.687584874179,"Control"
272,239.290178986255,"Control"
273,244.870627008794,"Control"
274,258.578268643439,"Control"
275,217.172513197489,"Control"
276,302.498911287577,"Control"
277,260.519669993697,"Control"
278,174.86648647127,"Control"
279,306.078772819277,"Control"
280,297.222946850491,"Control"
281,278.203698184094,"Control"
282,153.86852989072,"Control"
283,208.534682819726,"Control"
284,268.775690864476,"Control"
285,239.186100378893,"Control"
286,254.400615183065,"Control"
287,359.979677443521,"Control"
288,196.080983780017,"Control"
289,131.339994253543,"Control"
290,250.684763621521,"Control"
291,202.620157937829,"Control"
292,259.302052648093,"Control"
293,196.38076381047,"Control"
294,347.602774016757,"Control"
295,230.814701421129,"Control"
296,213.133224698497,"Control"
297,228.68692542567,"Control"
298,280.128169181322,"Control"
299,241.867024260141,"Control"
300,155.719163039436,"Control"
301,236.768961608677,"Control"
302,275.012108383103,"Control"
303,238.949545643628,"Control"
304,273.753607080722,"Control"
305,229.676368650057,"Control"
306,234.105633230936,"Control"
307,261.118473305227,"Control"
308,286.647181838787,"Control"
309,174.680225098398,"Control"
310,235.32562375772,"Control"
311,233.4518909375,"Control"
312,199.053967313452,"Control"
313,185.282031953042,"Control"
314,205.463402301459,"Control"
315,266.34038600065,"Control"
316,216.183867190817,"Control"
317,197.755609524734,"Control"
318,245.170815974305,"Control"
319,175.164288244533,"Control"
320,289.293688811834,"Control"
321,212.770229189065,"Control"
322,246.456440584033,"Control"
323,239.550316578749,"Control"
324,236.987966555678,"Control"
325,327.469102122143,"Control"
326,195.733602144503,"Control"
327,294.273522611399,"Control"
328,238.578659377662,"Control"
329,195.239709734664,"Control"
330,233.561817549174,"Control"
331,274.338584350623,"Control"
332,215.72406328027,"Control"
333,198.395888240327,"Control"
334,244.638205337395,"Control"
335,286.42984225894,"Control"
336,233.327083266391,"Control"
337,167.648672322013,"Control"
338,171.666204781232,"Control"
339,198.580233746103,"Control"
340,210.644593731277,"Control"
341,235.928646747919,"Control"
342,270.524903549814,"Control"
343,215.26914807138,"Control"
344,181.306010834358,"Control"
345,267.355299743925,"Control"
346,250.77284843698,"Control"
347,294.867353470737,"Control"
348,152.875957026087,"Control"
349,241.365954444744,"Control"
350,304.668094697133,"Control"
351,273.208690034168,"Control"
352,195.372358711789,"Control"
353,273.626424338421,"Control"
354,193.403656500139,"Control"
355,214.33012443851,"Control"
356,296.376713931454,"Control"
357,222.492734410496,"Control"
358,278.427307248272,"Control"
359,222.438614561042,"Control"
360,158.181879762605,"Control"
361,194.559215152554,"Control"
362,182.57400690214,"Control"
363,212.785471444141,"Control"
364,220.184439549521,"Control"
365,229.332105466918,"Control"
366,224.837638571258,"Control"
367,331.610102080006,"Control"
368,167.700083135729,"Control"
369,216.258784964611,"Control"
370,254.454076405342,"Control"
371,318.42211329077,"Control"
372,241.426094785681,"Control"
373,298.957535420028,"Control"
374,154.772223212315,"Control"
375,309.317826268924,"Control"
376,202.471991416741,"Control"
377,223.178445727307,"Control"
378,181.529062005028,"Control"
379,243.693465821473,"Control"
380,326.266952586578,"Control"
381,358.10816776258,"Control"
382,183.158554894079,"Control"
383,261.297055520155,"Control"
384,306.426086937215,"Control"
385,227.217159135773,"Control"
386,226.091260114689,"Control"
387,221.761102272678,"Control"
388,266.891636205572,"Control"
389,306.871470540788,"Control"
390,271.380988061998,"Control"
391,253.009400714848,"Control"
392,221.906503711137,"Control"
393,261.917434277897,"Control"
394,209.523154104162,"Control"
395,223.037174818138,"Control"
396,291.825672155587,"Control"
397,259.100654408941,"Control"
398,249.050814701306,"Control"
399,224.219617232224,"Control"
400,283.551645074244,"Control"
401,303.745629268774,"Control"
402,193.536411806228,"Control"
403,239.774347733255,"Control"
404,239.453345659596,"Control"
405,208.082213581955,"Control"
406,187.0630672002,"Control"
407,236.87836099967,"Control"
408,269.775594140648,"Control"
409,310.842113948828,"Control"
410,141.542360586039,"Control"
411,201.87802633438,"Control"
412,221.428489099404,"Control"
413,153.842148466631,"Control"
414,199.473327910385,"Control"
415,198.132412040925,"Control"
416,200.87151500702,"Control"
417,127.558270042647,"Control"
418,247.670927514328,"Control"
419,205.403853187258,"Control"
420,313.024559691608,"Control"
421,276.797797470754,"Control"
422,164.32352174336,"Control"
423,241.919771050292,"Control"
424,207.311450788342,"Control"
425,281.414058431726,"Control"
426,239.653520774933,"Control"
427,209.148818707767,"Control"
428,258.919851808636,"Control"
429,244.630407932121,"Control"
430,228.769120912522,"Control"
431,337.994531073799,"Control"
432,210.530705684137,"Control"
433,213.460651350798,"Control"
434,159.703153799124,"Control"
435,234.973663835241,"Control"
436,281.517815273534,"Control"
437,133.430607453539,"Control"
438,224.496743996349,"Control"
439,177.917478667334,"Control"
440,309.096863250845,"Control"
441,304.894776943943,"Control"
442,253.725142367033,"Control"
443,308.466904020011,"Control"
444,193.634107456066,"Control"
445,284.532586248594,"Control"
446,207.749424568338,"Control"
447,253.047876126281,"Control"
448,222.030199166755,"Control"
449,223.072845835347,"Control"
450,264.305757916477,"Control"
451,171.808942317756,"Control"
452,224.454276747877,"Control"
453,245.550368685895,"Control"
454,216.826626062625,"Control"
455,242.232972041786,"Control"
456,221.0559606633,"Control"
457,317.917196794171,"Control"
458,272.709430074431,"Control"
459,385.293268491662,"Control"
460,197.246119772039,"Control"
461,277.718295733996,"Control"
462,341.901540506519,"Control"
463,252.049002757629,"Control"
464,182.846242908038,"Control"
465,186.683874909836,"Control"
466,235.229271754119,"Control"
467,302.456218042671,"Control"
468,274.520024332336,"Control"
469,130.081583619379,"Control"
470,201.982294556668,"Control"
471,236.547176235351,"Control"
472,164.093325637762,"Control"
473,271.726482324743,"Control"
474,113.933226240676,"Control"
475,244.164488202023,"Control"
476,217.438894043647,"Control"
477,212.441795719296,"Control"
478,222.817627377397,"Control"
479,252.739740235392,"Control"
480,256.816328896949,"Control"
481,225.719814448202,"Control"
482,140.752478482972,"Control"
483,165.038535083901,"Control"
484,163.51711130138,"Control"
485,275.093172344597,"Control"
486,224.819250906436,"Control"
487,250.4838303709,"Control"
488,159.053623952209,"Control"
489,210.220599665184,"Control"
490,265.122598658675,"Control"
491,228.083693829004,"Control"
492,231.243200689867,"Control"
493,233.396926394682,"Control"
494,297.545490346315,"Control"
495,206.255154960015,"Control"
496,270.806322915735,"Control"
497,281.929980276878,"Control"
498,177.534104823949,"Control"
499,243.06294249095,"Control"
500,236.438915693479,"Control"
501,288.457035965688,"Control"
502,282.738743385981,"Control"
503,236.877186666022,"Control"
504,243.800477620686,"Control"
505,200.992322752844,"Control"
506,227.093783497439,"Control"
507,185.539559697586,"Control"
508,188.652205207369,"Control"
509,175.959345554045,"Control"
510,278.810385197242,"Control"
511,292.74858992477,"Control"
512,216.352757353645,"Control"
513,180.551130099658,"Control"
514,232.603433411147,"Control"
515,349.095184665631,"Control"
516,339.065658537524,"Control"
517,151.009983163927,"Control"
518,219.154667193881,"Control"
519,313.664024608115,"Control"
520,235.087795169488,"Control"
521,316.870662116321,"Control"
522,220.320730334506,"Control"
523,267.249296195769,"Control"
524,248.212061962513,"Control"
525,398.453474774003,"Control"
526,283.022628338626,"Control"
527,176.673046539204,"Control"
528,206.805941541837,"Control"
529,255.511764231103,"Control"
530,141.94996766602,"Control"
531,146.779502751838,"Control"
532,180.908869682239,"Control"
533,219.603519672043,"Control"
534,298.945107431599,"Control"
535,223.290121757386,"Control"
536,245.11903577791,"Control"
537,233.769654512347,"Control"
538,201.738145148743,"Control"
539,305.10986343755,"Control"
540,182.174340595834,"Control"
541,225.578324072655,"Control"
542,219.608595969487,"Control"
543,263.606430975337,"Control"
544,317.361728113059,"Control"
545,262.69072630583,"Control"
546,306.118658028651,"Control"
547,275.154852427495,"Control"
548,205.770772768294,"Control"
549,241.077190021449,"Control"
550,305.803955568238,"Control"
551,158.936710692148,"Control"
552,253.238533029735,"Control"
553,229.160484152388,"Control"
554,280.889193036718,"Control"
555,274.508328759032,"Control"
556,252.052670192142,"Control"
557,311.640555861466,"Control"
558,160.725309991515,"Control"
559,282.535877924301,"Control"
560,158.023398607123,"Control"
561,266.385812855929,"Control"
562,241.482114800036,"Control"
563,285.363082847492,"Control"
564,240.940617645741,"Control"
565,158.565008175695,"Control"
566,136.608840799195,"Control"
567,264.048676211938,"Control"
568,233.331170094579,"Control"
569,208.449080322096,"Control"
570,221.446577007318,"Control"
571,203.429246644932,"Control"
572,229.132977395951,"Control"
573,190.434746450007,"Control"
574,137.849526026493,"Control"
575,226.020009787531,"Control"
576,289.26379347312,"Control"
577,330.866478314984,"Control"
578,237.130309797858,"Control"
579,232.966503264542,"Control"
580,285.149114061993,"Control"
581,239.678550827326,"Control"
582,215.255079554498,"Control"
583,150.135137232885,"Control"
584,173.815220010878,"Control"
585,257.315425603464,"Control"
586,164.017301611012,"Control"
587,289.422868507735,"Control"
588,169.67847302749,"Control"
589,227.321472094325,"Control"
590,236.883202144316,"Control"
591,236.358513306641,"Control"
592,244.59736609922,"Control"
593,266.925556570054,"Control"
594,230.689378135086,"Control"
595,224.573221707661,"Control"
596,245.016369745231,"Control"
597,215.317902920137,"Control"
598,313.870620955013,"Control"
599,128.487671169196,"Control"
600,288.350230964572,"Control"
601,224.575853340503,"Control"
602,258.11601929162,"Control"
603,286.382664681984,"Control"
604,278.778408601751,"Control"
605,203.973907047715,"Control"
606,315.203474664592,"Control"
607,155.851203235423,"Control"
608,280.194818673949,"Control"
609,211.41986132819,"Control"
610,141.13174872773,"Control"
611,143.709307569003,"Control"
612,249.258953171984,"Control"
613,348.176715095403,"Control"
614,250.668803207223,"Control"
615,293.539239726414,"Control"
616,278.933468703005,"Control"
617,204.26923610609,"Control"
618,284.69804892397,"Control"
619,254.647573274466,"Control"
620,247.329964632481,"Control"
621,287.055661715512,"Control"
622,274.372599582014,"Control"
623,205.671258163843,"Control"
624,256.761184296836,"Control"
625,192.391602297721,"Control"
626,268.540920504589,"Control"
627,215.364740835772,"Control"
628,259.606932210926,"Control"
629,255.399952259817,"Control"
630,223.480625516905,"Control"
631,260.275630885649,"Control"
632,265.717811281348,"Control"
633,225.465000492129,"Control"
634,295.612125415123,"Control"
635,306.635135336656,"Control"
636,203.900437214521,"Control"
637,198.131539663749,"Control"
638,262.676928945439,"Control"
639,191.334388097936,"Control"
640,214.528809737485,"Control"
641,277.146634955181,"Control"
642,208.326157450945,"Control"
643,140.593741607584,"Control"
644,270.219541691107,"Control"
645,156.872988810287,"Control"
646,169.269987127308,"Control"
647,86.1033660291051,"Control"
648,278.561891111503,"Control"
649,249.554854442367,"Control"
650,260.114673297066,"Control"
651,279.239611161162,"Control"
652,234.901423783922,"Control"
653,181.721204714999,"Control"
654,265.188782616544,"Control"
655,302.168237790984,"Control"
656,161.988953110267,"Control"
657,206.650538244048,"Control"
658,222.387746717171,"Control"
659,172.51583283382,"Control"
660,271.705292438735,"Control"
661,207.040904855144,"Control"
662,299.845332198582,"Control"
663,239.675400681368,"Control"
664,273.404625883593,"Control"
665,315.05490341053,"Control"
666,250.28123767986,"Control"
667,290.836312960363,"Control"
668,247.534896583962,"Control"
669,161.416323708882,"Control"
670,238.120112995681,"Control"
671,272.906810302105,"Control"
672,261.472850892113,"Control"
673,228.305582706087,"Control"
674,176.11502556658,"Control"
675,269.319918435473,"Control"
676,191.177198582606,"Control"
677,174.408827878722,"Control"
678,266.746385920275,"Control"
679,175.359466740509,"Control"
680,249.218220745307,"Control"
681,237.13860926718,"Control"
682,170.589515698722,"Control"
683,295.984820591639,"Control"
684,207.359750042554,"Control"
685,296.998915816834,"Control"
686,213.248316019393,"Control"
687,208.247145192459,"Control"
688,235.438698769575,"Control"
689,219.097150201077,"Control"
690,219.169946117613,"Control"
691,193.116780828314,"Control"
692,176.355143741102,"Control"
693,267.664330934352,"Control"
694,196.689832926876,"Control"
695,168.177153504555,"Control"
696,211.607605041823,"Control"
697,196.953225663133,"Control"
698,127.360715716497,"Control"
699,222.453142536616,"Control"
700,245.358706058026,"Control"
701,251.734617824284,"Control"
702,256.637063271036,"Control"
703,186.957814349959,"Control"
704,220.713644008828,"Control"
705,186.582559728558,"Control"
706,205.228425898312,"Control"
707,176.507965600633,"Control"
708,181.176809967366,"Control"
709,268.494058128797,"Control"
710,223.373921491069,"Control"
711,224.057941581066,"Control"
712,323.477908994575,"Control"
713,234.080391729631,"Control"
714,210.146810769554,"Control"
715,274.364334808287,"Control"
716,212.637108230513,"Control"
717,305.645389073975,"Control"
718,218.116381967689,"Control"
719,206.19236929408,"Control"
720,178.593747446266,"Control"
721,253.432017929554,"Control"
722,310.325531372008,"Control"
723,219.199522745554,"Control"
724,250.073382093872,"Control"
725,253.666442758787,"Control"
726,308.109662015477,"Control"
727,270.193830033309,"Control"
728,183.317242215234,"Control"
729,202.154911266663,"Control"
730,199.693477153272,"Control"
731,244.078643606611,"Control"
732,236.802638963467,"Control"
733,255.396875054588,"Control"
734,204.132854265138,"Control"
735,218.182666491947,"Control"
736,274.068003021254,"Control"
737,232.019662177576,"Control"
738,204.285506069645,"Control"
739,285.558218703064,"Control"
740,237.674815578419,"Control"
741,191.173266648923,"Control"
742,322.484428063082,"Control"
743,178.594950502667,"Control"
744,147.948186992374,"Control"
745,124.343377571589,"Control"
746,269.556298477335,"Control"
747,210.358368719862,"Control"
748,223.222032151386,"Control"
749,251.481348631452,"Control"
750,213.675796910462,"Control"
751,156.596991252766,"Control"
752,139.510810197901,"Control"
753,219.965004088451,"Control"
754,245.736276366566,"Control"
755,123.111121961139,"Control"
756,251.526224047354,"Control"
757,258.115317873681,"Control"
758,301.736868160336,"Control"
759,245.235700928698,"Control"
760,247.247692040012,"Control"
761,267.23018133629,"Control"
762,236.042961541553,"Control"
763,233.01428263106,"Control"
764,242.79922322014,"Control"
765,274.208668202419,"Control"
766,215.435469823615,"Control"
767,212.023552404438,"Control"
768,193.741896162214,"Control"
769,189.112135836406,"Control"
770,253.339998566932,"Control"
771,314.368611284259,"Control"
772,188.557021556778,"Control"
773,227.577978687027,"Control"
774,185.499941927204,"Control"
775,282.404322093025,"Control"
776,221.130906764594,"Control"
777,245.950198327021,"Control"
778,254.401409386459,"Control"
779,184.286048936278,"Control"
780,231.762785594465,"Control"
781,225.582869145274,"Control"
782,270.767778121377,"Control"
783,175.337765324685,"Control"
784,177.001922778861,"Control"
785,275.293328830805,"Control"
786,207.595106935851,"Control"
787,203.985208501221,"Control"
788,242.650676109867,"Control"
789,220.980060015698,"Control"
790,330.319074846939,"Control"
791,249.97657278839,"Control"
792,245.078003545903,"Control"
793,283.553745466768,"Control"
794,234.002662537019,"Control"
795,239.436985003873,"Control"
796,183.356229963302,"Control"
797,122.351428475966,"Control"
798,176.639657496783,"Control"
799,242.70547148986,"Control"
800,185.335146044731,"Control"
801,271.440387617103,"Control"
802,273.254150883743,"Control"
803,247.869010546954,"Control"
804,226.917163419081,"Control"
805,168.715506970566,"Control"
806,221.553119566142,"Control"
807,214.354855673139,"Control"
808,270.16145722599,"Control"
809,302.431476837435,"Control"
810,262.052015494725,"Control"
811,180.585573240132,"Control"
812,320.549865269908,"Control"
813,287.517651622606,"Control"
814,248.176060793723,"Control"
815,126.675770339519,"Control"
816,189.270719072342,"Control"
817,233.571346639488,"Control"
818,275.065295078263,"Control"
819,178.004790002085,"Control"
820,397.559947838364,"Control"
821,109.308757452459,"Control"
822,225.203302533297,"Control"
823,224.021867836928,"Control"
824,203.83165416904,"Control"
825,221.050464458693,"Control"
826,274.119757878616,"Control"
827,193.285366210711,"Control"
828,132.859311684836,"Control"
829,241.688395140511,"Control"
830,236.90900939986,"Control"
831,236.344967381421,"Control"
832,270.398403727905,"Control"
833,236.341614852392,"Control"
834,275.802351523815,"Control"
835,136.463233368237,"Control"
836,180.59097525141,"Control"
837,254.439978579286,"Control"
838,219.355075895154,"Control"
839,284.238729895881,"Control"
840,186.764007373677,"Control"
841,273.195136624842,"Control"
842,203.558362950482,"Control"
843,181.34799031421,"Control"
844,219.859740531653,"Control"
845,239.488966158437,"Control"
846,175.615901923723,"Control"
847,198.799704458628,"Control"
848,174.690896919106,"Control"
849,287.838698887989,"Control"
850,273.180631202943,"Control"
851,185.373643144744,"Control"
852,264.867300206138,"Control"
853,224.220928845024,"Control"
854,181.330412142666,"Control"
855,258.05987198074,"Control"
856,220.852484407681,"Control"
857,281.008995059576,"Control"
858,227.256819661205,"Control"
859,296.402749105189,"Control"
860,211.511774411602,"Control"
861,247.977400543665,"Control"
862,255.514721068228,"Control"
863,250.95541968653,"Control"
864,247.097121865666,"Control"
865,236.350172878433,"Control"
866,232.456749696125,"Control"
867,305.251568265942,"Control"
868,282.406528444158,"Control"
869,206.505591429905,"Control"
870,306.821861060973,"Control"
871,244.239918665422,"Control"
872,204.969661420235,"Control"
873,245.490112977927,"Control"
874,229.140625628958,"Control"
875,242.046979727305,"Control"
876,188.330292292586,"Control"
877,196.00873623734,"Control"
878,305.145948451271,"Control"
879,285.068546526564,"Control"
880,192.813776279944,"Control"
881,191.995394228184,"Control"
882,323.166656639842,"Control"
883,332.452108106447,"Control"
884,198.142940207237,"Control"
885,171.884736869345,"Control"
886,368.174758340934,"Control"
887,248.48144571734,"Control"
888,246.337494607094,"Control"
889,240.806831747514,"Control"
890,307.243009316067,"Control"
891,227.413888233184,"Control"
892,309.969608207805,"Control"
893,225.967227443273,"Control"
894,262.257294313657,"Control"
895,185.325149696356,"Control"
896,245.523673572961,"Control"
897,297.033408044596,"Control"
898,228.829704261713,"Control"
899,301.123793156132,"Control"
900,373.359819395563,"Control"
901,284.096210866546,"Control"
902,224.569298136022,"Control"
903,241.823942985324,"Control"
904,215.303452934913,"Control"
905,345.933393372578,"Control"
906,89.0610190434938,"Control"
907,241.044411959956,"Control"
908,242.506890230861,"Control"
909,247.672416315633,"Control"
910,159.109019368384,"Control"
911,247.810577312888,"Control"
912,246.383190851322,"Control"
913,299.93110626068,"Control"
914,263.175889045448,"Control"
915,292.772713873998,"Control"
916,189.124887891477,"Control"
917,230.779721007228,"Control"
918,246.586891452498,"Control"
919,250.610862530167,"Control"
920,202.309276816337,"Control"
921,310.958596042607,"Control"
922,206.411648917861,"Control"
923,156.284501282032,"Control"
924,257.124505529534,"Control"
925,270.227772364474,"Control"
926,284.206353549747,"Control"
927,189.686960114586,"Control"
928,224.585577538055,"Control"
929,170.578176573046,"Control"
930,279.238187104946,"Control"
931,254.384836621932,"Control"
932,282.688129321555,"Control"
933,267.413727669034,"Control"
934,206.622600609776,"Control"
935,245.982903543592,"Control"
936,141.579529029131,"Control"
937,262.147312884455,"Control"
938,285.444957673925,"Control"
939,193.213143711334,"Control"
940,130.1987730651,"Control"
941,160.858620920749,"Control"
942,181.344089605696,"Control"
943,299.049194776795,"Control"
944,237.17409675315,"Control"
945,175.110270700347,"Control"
946,264.784955944901,"Control"
947,127.842532532005,"Control"
948,224.648777145138,"Control"
949,292.642846379322,"Control"
950,219.916338149546,"Control"
951,302.271917107053,"Control"
952,326.76619357204,"Control"
953,178.608238626328,"Control"
954,179.385618750899,"Control"
955,191.277226532718,"Control"
956,263.436401626681,"Control"
957,278.753946352429,"Control"
958,297.456848704577,"Control"
959,301.973627268041,"Control"
960,290.786615210495,"Control"
961,283.990051175715,"Control"
962,245.168734670338,"Control"
963,192.59307206798,"Control"
964,200.691950862182,"Control"
965,257.379850280687,"Control"
966,321.17681696259,"Control"
967,322.298991178231,"Control"
968,140.691664958696,"Control"
969,195.300099238577,"Control"
970,307.95662581666,"Control"
971,183.794514249038,"Control"
972,156.321126375978,"Control"
973,266.990554434871,"Control"
974,323.648235269353,"Control"
975,333.725228122887,"Control"
976,263.64102878354,"Control"
977,272.983287800989,"Control"
978,265.004669287759,"Control"
979,236.095653417002,"Control"
980,68.4130458724743,"Control"
981,275.035162237988,"Control"
982,217.43865738784,"Control"
983,287.495061190593,"Control"
984,205.651342646313,"Control"
985,155.271131524907,"Control"
986,299.262132601524,"Control"
987,246.06887232777,"Control"
988,411.76521319928,"Control"
989,282.779595666346,"Control"
990,289.425325871312,"Control"
991,275.191246846743,"Control"
992,206.83063115703,"Control"
993,218.478516864861,"Control"
994,289.991296916682,"Control"
995,289.755526491969,"Control"
996,266.148608056016,"Control"
997,187.671628223023,"Control"
998,321.231090587199,"Control"
999,168.657947715868,"Control"
1000,215.339282569444,"Control"
1001,383.252924685757,"Treatment"
1002,293.206109057555,"Treatment"
1003,315.53667082043,"Treatment"
1004,285.848669857631,"Treatment"
1005,217.203330172892,"Treatment"
1006,237.125854347598,"Treatment"
1007,275.262571154008,"Treatment"
1008,120.576141071122,"Treatment"
1009,224.604288671073,"Treatment"
1010,306.929225611172,"Treatment"
1011,252.077200601739,"Treatment"
1012,252.819431152731,"Treatment"
1013,310.475965332438,"Treatment"
1014,239.782235765051,"Treatment"
1015,298.44016176888,"Treatment"
1016,195.88327710273,"Treatment"
1017,205.624368333286,"Treatment"
1018,183.294724212778,"Treatment"
1019,271.219924112244,"Treatment"
1020,256.69371680148,"Treatment"
1021,339.093582014103,"Treatment"
1022,264.910894830732,"Treatment"
1023,334.687723888189,"Treatment"
1024,364.261263796142,"Treatment"
1025,242.453088314593,"Treatment"
1026,286.421953747231,"Treatment"
1027,224.755337040701,"Treatment"
1028,303.899518393554,"Treatment"
1029,213.011983435807,"Treatment"
1030,215.676306187819,"Treatment"
1031,281.439668078944,"Treatment"
1032,271.540565964359,"Treatment"
1033,280.131158835561,"Treatment"
1034,270.466745639563,"Treatment"
1035,240.567809057159,"Treatment"
1036,260.489891774062,"Treatment"
1037,348.007937217791,"Treatment"
1038,266.105243833826,"Treatment"
1039,201.075530052535,"Treatment"
1040,224.771991970936,"Treatment"
1041,211.909256375445,"Treatment"
1042,221.995492849625,"Treatment"
1043,203.945804008876,"Treatment"
1044,135.707554875855,"Treatment"
1045,300.453287459529,"Treatment"
1046,300.002075461539,"Treatment"
1047,254.469978230445,"Treatment"
1048,230.810134152309,"Treatment"
1049,226.390918383529,"Treatment"
1050,286.936716800921,"Treatment"
1051,278.328178693969,"Treatment"
1052,288.082178987661,"Treatment"
1053,267.241897186205,"Treatment"
1054,297.949195754826,"Treatment"
1055,288.556697224296,"Treatment"
1056,294.915618509361,"Treatment"
1057,291.7980640336,"Treatment"
1058,350.094287047289,"Treatment"
1059,214.248269389775,"Treatment"
1060,342.416234339,"Treatment"
1061,250.289567167246,"Treatment"
1062,263.750962809078,"Treatment"
1063,271.05407693567,"Treatment"
1064,244.589260223058,"Treatment"
1065,139.309652486702,"Treatment"
1066,251.353373244049,"Treatment"
1067,269.069157602015,"Treatment"
1068,180.113596933119,"Treatment"
1069,294.496982984919,"Treatment"
1070,237.136315370334,"Treatment"
1071,339.387090301827,"Treatment"
1072,280.243405713213,"Treatment"
1073,227.560859610876,"Treatment"
1074,275.386611033576,"Treatment"
1075,279.879155410063,"Treatment"
1076,312.602368372515,"Treatment"
1077,259.156380872257,"Treatment"
1078,165.331214577646,"Treatment"
1079,202.016708846071,"Treatment"
1080,224.137467003548,"Treatment"
1081,288.31326472681,"Treatment"
1082,252.758186845762,"Treatment"
1083,236.281572901507,"Treatment"
1084,224.755458392126,"Treatment"
1085,274.684747860944,"Treatment"
1086,224.428386211091,"Treatment"
1087,247.103946352856,"Treatment"
1088,220.001138685952,"Treatment"
1089,197.587312929029,"Treatment"
1090,314.75922944317,"Treatment"
1091,201.125226498381,"Treatment"
1092,270.651457307981,"Treatment"
1093,238.590707571582,"Treatment"
1094,214.077466560808,"Treatment"
1095,279.965676920853,"Treatment"
1096,285.656725225958,"Treatment"
1097,330.233338464207,"Treatment"
1098,283.261249803413,"Treatment"
1099,260.076634024585,"Treatment"
1100,397.12344486399,"Treatment"
1101,234.485778575604,"Treatment"
1102,216.840838584332,"Treatment"
1103,240.244304356276,"Treatment"
1104,261.479271661161,"Treatment"
1105,297.021508465679,"Treatment"
1106,287.792252979934,"Treatment"
1107,261.71246766615,"Treatment"
1108,224.171873087694,"Treatment"
1109,323.366366716108,"Treatment"
1110,312.814081072423,"Treatment"
1111,230.781020363782,"Treatment"
1112,301.338954378737,"Treatment"
1113,289.504289582231,"Treatment"
1114,319.261080305252,"Treatment"
1115,274.481451721872,"Treatment"
1116,209.946642339965,"Treatment"
1117,307.124970120983,"Treatment"
1118,230.564173451528,"Treatment"
1119,293.360464286424,"Treatment"
1120,350.673938610615,"Treatment"
1121,196.058598986458,"Treatment"
1122,345.095540058445,"Treatment"
1123,334.658050445904,"Treatment"
1124,240.565161165422,"Treatment"
1125,254.436361226036,"Treatment"
1126,232.707615685375,"Treatment"
1127,238.481617387294,"Treatment"
1128,295.981569077308,"Treatment"
1129,222.052049737394,"Treatment"
1130,257.483505604361,"Treatment"
1131,259.804831132677,"Treatment"
1132,262.171367435622,"Treatment"
1133,276.072335786118,"Treatment"
1134,346.828710459316,"Treatment"
1135,244.433413005327,"Treatment"
1136,227.255988759959,"Treatment"
1137,306.614217482615,"Treatment"
1138,286.023614988051,"Treatment"
1139,278.789399149623,"Treatment"
1140,296.54941317602,"Treatment"
1141,196.403489896056,"Treatment"
1142,320.164789614556,"Treatment"
1143,289.69589394488,"Treatment"
1144,314.565648850989,"Treatment"
1145,237.074114329924,"Treatment"
1146,174.902997482693,"Treatment"
1147,242.770523342603,"Treatment"
1148,221.65765924883,"Treatment"
1149,378.138122370219,"Treatment"
1150,246.326671181191,"Treatment"
1151,256.216307664768,"Treatment"
1152,320.148926003558,"Treatment"
1153,298.017326329012,"Treatment"
1154,300.65333259395,"Treatment"
1155,398.685478147417,"Treatment"
1156,275.305719933649,"Treatment"
1157,362.258776876713,"Treatment"
1158,279.685920065654,"Treatment"
1159,194.048901637285,"Treatment"
1160,155.637587935982,"Treatment"
1161,299.484177558386,"Treatment"
1162,217.037506761572,"Treatment"
1163,269.098619183816,"Treatment"
1164,355.852185002002,"Treatment"
1165,284.35913386686,"Treatment"
1166,252.645127692511,"Treatment"
1167,170.771167394544,"Treatment"
1168,226.967544533004,"Treatment"
1169,238.219101463669,"Treatment"
1170,301.210286633518,"Treatment"
1171,291.172867380857,"Treatment"
1172,267.698170435369,"Treatment"
1173,276.012186731256,"Treatment"
1174,252.593837584575,"Treatment"
1175,268.511361144511,"Treatment"
1176,280.583705426474,"Treatment"
1177,289.457921370671,"Treatment"
1178,358.38138292152,"Treatment"
1179,211.398814455809,"Treatment"
1180,340.740371579186,"Treatment"
1181,300.57562300722,"Treatment"
1182,189.733572814278,"Treatment"
1183,253.147638600445,"Treatment"
1184,235.532850401401,"Treatment"
1185,220.349977419012,"Treatment"
1186,190.105675788587,"Treatment"
1187,242.294897520003,"Treatment"
1188,245.23199923649,"Treatment"
1189,250.822766185989,"Treatment"
1190,163.944319054191,"Treatment"
1191,289.075127754777,"Treatment"
1192,304.317562328318,"Treatment"
1193,306.482143691234,"Treatment"
1194,305.537025351977,"Treatment"
1195,277.025315891518,"Treatment"
1196,340.417501583888,"Treatment"
1197,223.177225802962,"Treatment"
1198,205.669765313945,"Treatment"
1199,283.891895998729,"Treatment"
1200,289.041204362707,"Treatment"
1201,229.674177413162,"Treatment"
1202,268.830306021596,"Treatment"
1203,283.165481210152,"Treatment"
1204,285.98380162008,"Treatment"
1205,310.827824789768,"Treatment"
1206,313.669399378482,"Treatment"
1207,145.559623865879,"Treatment"
1208,353.399701171058,"Treatment"
1209,289.800132313861,"Treatment"
1210,238.481982712717,"Treatment"
1211,211.268779891102,"Treatment"
1212,312.253213278195,"Treatment"
1213,283.404800774207,"Treatment"
1214,320.904498002391,"Treatment"
1215,263.984222314875,"Treatment"
1216,254.824061901844,"Treatment"
1217,379.071128034414,"Treatment"
1218,165.200351457208,"Treatment"
1219,286.545723254142,"Treatment"
1220,286.240667144983,"Treatment"
1221,288.93477997707,"Treatment"
1222,294.907045102328,"Treatment"
1223,253.179680851128,"Treatment"
1224,325.314403949112,"Treatment"
1225,144.286138253131,"Treatment"
1226,226.721687027272,"Treatment"
1227,261.042772468999,"Treatment"
1228,275.16081170694,"Treatment"
1229,287.323975388146,"Treatment"
1230,298.966999782215,"Treatment"
1231,191.574118131382,"Treatment"
1232,267.383530219851,"Treatment"
1233,293.208401100019,"Treatment"
1234,333.316793578539,"Treatment"
1235,261.321613278372,"Treatment"
1236,346.957473919843,"Treatment"
1237,252.923595053591,"Treatment"
1238,264.505093054475,"Treatment"
1239,275.010706366056,"Treatment"
1240,241.880971879734,"Treatment"
1241,302.796902438809,"Treatment"
1242,199.710634841839,"Treatment"
1243,266.717821734893,"Treatment"
1244,239.972872513023,"Treatment"
1245,239.646312957516,"Treatment"
1246,324.572269352222,"Treatment"
1247,319.610984097295,"Treatment"
1248,346.901326435133,"Treatment"
1249,253.810160344577,"Treatment"
1250,268.620039377346,"Treatment"
1251,189.420834615705,"Treatment"
1252,247.591028498774,"Treatment"
1253,355.207406109006,"Treatment"
1254,246.173613621814,"Treatment"
1255,208.68306556053,"Treatment"
1256,269.094728309255,"Treatment"
1257,329.324456512977,"Treatment"
1258,188.101434789583,"Treatment"
1259,254.308976410545,"Treatment"
1260,290.391527102531,"Treatment"
1261,365.876499722792,"Treatment"
1262,236.219710257819,"Treatment"
1263,342.971080060555,"Treatment"
1264,245.35524032191,"Treatment"
1265,215.449114596914,"Treatment"
1266,210.283275083865,"Treatment"
1267,255.945093731123,"Treatment"
1268,265.879265054803,"Treatment"
1269,250.854908598802,"Treatment"
1270,319.611157986277,"Treatment"
1271,276.47705828476,"Treatment"
1272,261.708619556706,"Treatment"
1273,236.872276373364,"Treatment"
1274,202.199203436898,"Treatment"
1275,169.033668064672,"Treatment"
1276,277.670586526059,"Treatment"
1277,268.266793505562,"Treatment"
1278,335.251159392997,"Treatment"
1279,281.554690412243,"Treatment"
1280,306.860885056304,"Treatment"
1281,269.049318718783,"Treatment"
1282,226.083797518706,"Treatment"
1283,281.482032158221,"Treatment"
1284,283.989355565056,"Treatment"
1285,226.130363461828,"Treatment"
1286,265.562534238596,"Treatment"
1287,367.0390825556,"Treatment"
1288,210.536696835769,"Treatment"
1289,340.608929603486,"Treatment"
1290,255.646554175755,"Treatment"
1291,341.1155298121,"Treatment"
1292,224.847341275636,"Treatment"
1293,263.690233627205,"Treatment"
1294,282.561674917893,"Treatment"
1295,261.370488584829,"Treatment"
1296,299.936941947132,"Treatment"
1297,258.656924994526,"Treatment"
1298,327.443673258007,"Treatment"
1299,275.520971694211,"Treatment"
1300,301.620981812237,"Treatment"
1301,207.722653172061,"Treatment"
1302,234.080535465148,"Treatment"
1303,321.475397439578,"Treatment"
1304,292.439297058033,"Treatment"
1305,260.204668719979,"Treatment"
1306,261.560863152155,"Treatment"
1307,304.745008022732,"Treatment"
1308,255.809433919002,"Treatment"
1309,270.747758546996,"Treatment"
1310,184.7022598925,"Treatment"
1311,355.700468257751,"Treatment"
1312,305.298395798829,"Treatment"
1313,308.614392150538,"Treatment"
1314,171.727123876344,"Treatment"
1315,265.958166190279,"Treatment"
1316,246.553304377589,"Treatment"
1317,198.18068467116,"Treatment"
1318,303.371518719663,"Treatment"
1319,328.706539061855,"Treatment"
1320,239.338779706127,"Treatment"
1321,255.540491103563,"Treatment"
1322,352.573099446114,"Treatment"
1323,184.509604835149,"Treatment"
1324,304.211039271891,"Treatment"
1325,251.298933800954,"Treatment"
1326,261.234457929777,"Treatment"
1327,236.451282861393,"Treatment"
1328,321.834768950952,"Treatment"
1329,210.641619445812,"Treatment"
1330,315.130474621915,"Treatment"
1331,337.323200811594,"Treatment"
1332,184.917524555015,"Treatment"
1333,210.654790372538,"Treatment"
1334,296.577274025121,"Treatment"
1335,219.184544024703,"Treatment"
1336,232.42350568268,"Treatment"
1337,244.732361632432,"Treatment"
1338,249.775788583672,"Treatment"
1339,302.184909262306,"Treatment"
1340,236.849711760287,"Treatment"
1341,271.467520620734,"Treatment"
1342,303.874731860995,"Treatment"
1343,189.981027771411,"Treatment"
1344,232.51838536756,"Treatment"
1345,309.989673010472,"Treatment"
1346,248.174012966211,"Treatment"
1347,140.245826484739,"Treatment"
1348,224.10953856914,"Treatment"
1349,307.801320346308,"Treatment"
1350,245.670554538711,"Treatment"
1351,246.768157997916,"Treatment"
1352,259.711538786876,"Treatment"
1353,302.973318403369,"Treatment"
1354,242.445462389034,"Treatment"
1355,290.797921920925,"Treatment"
1356,295.657683402634,"Treatment"
1357,216.057021114218,"Treatment"
1358,263.906388278182,"Treatment"
1359,240.084744919777,"Treatment"
1360,287.847736305538,"Treatment"
1361,191.586167193488,"Treatment"
1362,343.958496388374,"Treatment"
1363,334.3009044298,"Treatment"
1364,224.857211124924,"Treatment"
1365,233.506288609617,"Treatment"
1366,221.575627592694,"Treatment"
1367,260.172967910115,"Treatment"
1368,241.948101835437,"Treatment"
1369,272.63192234082,"Treatment"
1370,173.239121845286,"Treatment"
1371,274.927335722916,"Treatment"
1372,267.7781335632,"Treatment"
1373,186.969826936993,"Treatment"
1374,280.798654458498,"Treatment"
1375,269.747631993545,"Treatment"
1376,255.471332265137,"Treatment"
1377,266.339185469805,"Treatment"
1378,286.247459801116,"Treatment"
1379,284.336185850062,"Treatment"
1380,245.419361971069,"Treatment"
1381,324.508901966435,"Treatment"
1382,265.173390355606,"Treatment"
1383,260.209928913172,"Treatment"
1384,314.230902282226,"Treatment"
1385,316.602068083503,"Treatment"
1386,231.966512251555,"Treatment"
1387,217.44706640827,"Treatment"
1388,231.719097367059,"Treatment"
1389,208.211205333589,"Treatment"
1390,177.940152412984,"Treatment"
1391,282.53037609192,"Treatment"
1392,259.744481952528,"Treatment"
1393,299.127487684623,"Treatment"
1394,266.917031884935,"Treatment"
1395,287.458148103868,"Treatment"
1396,242.197092634493,"Treatment"
1397,218.994602054942,"Treatment"
1398,305.906611228522,"Treatment"
1399,305.056030816392,"Treatment"
1400,180.314390805838,"Treatment"
1401,310.864732591338,"Treatment"
1402,178.331428053315,"Treatment"
1403,264.715633784442,"Treatment"
1404,247.256387300793,"Treatment"
1405,260.597186678949,"Treatment"
1406,321.811886594331,"Treatment"
1407,204.239106969005,"Treatment"
1408,253.725815268505,"Treatment"
1409,394.665124502013,"Treatment"
1410,193.084684702474,"Treatment"
1411,235.670621588464,"Treatment"
1412,264.94739888293,"Treatment"
1413,276.997660991622,"Treatment"
1414,240.334719973631,"Treatment"
1415,253.698384115799,"Treatment"
1416,321.207390705933,"Treatment"
1417,257.962726018748,"Treatment"
1418,279.577765968912,"Treatment"
1419,285.477111757745,"Treatment"
1420,287.351712969488,"Treatment"
1421,291.625250962289,"Treatment"
1422,269.731628952615,"Treatment"
1423,231.566296191904,"Treatment"
1424,264.086462377823,"Treatment"
1425,218.828908888125,"Treatment"
1426,271.669664830294,"Treatment"
1427,249.604943327045,"Treatment"
1428,261.083278092723,"Treatment"
1429,212.045452141254,"Treatment"
1430,252.846179378888,"Treatment"
1431,212.51326635772,"Treatment"
1432,246.716722795007,"Treatment"
1433,293.345362979888,"Treatment"
1434,279.020999088775,"Treatment"
1435,311.918122862468,"Treatment"
1436,291.398406346774,"Treatment"
1437,272.599568259877,"Treatment"
1438,316.915667356811,"Treatment"
1439,326.585840437671,"Treatment"
1440,197.030621643814,"Treatment"
1441,311.607386832339,"Treatment"
1442,305.89794851704,"Treatment"
1443,314.095725817348,"Treatment"
1444,221.559864384945,"Treatment"
1445,387.446542223811,"Treatment"
1446,137.287491284596,"Treatment"
1447,267.343151875705,"Treatment"
1448,272.905333446417,"Treatment"
1449,259.515133679496,"Treatment"
1450,304.393664393158,"Treatment"
1451,273.201740344941,"Treatment"
1452,228.097262639367,"Treatment"
1453,337.501665274611,"Treatment"
1454,252.304409588507,"Treatment"
1455,297.533932250269,"Treatment"
1456,233.674496006837,"Treatment"
1457,214.005856086475,"Treatment"
1458,236.708065041884,"Treatment"
1459,214.157928957294,"Treatment"
1460,293.655323633748,"Treatment"
1461,189.395369267629,"Treatment"
1462,218.075526734571,"Treatment"
1463,268.360917757999,"Treatment"
1464,181.221384150145,"Treatment"
1465,241.755598675365,"Treatment"
1466,251.753865954121,"Treatment"
1467,334.303911771333,"Treatment"
1468,254.123165460165,"Treatment"
1469,240.835634967083,"Treatment"
1470,233.839110051368,"Treatment"
1471,289.361051984633,"Treatment"
1472,251.0274509037,"Treatment"
1473,239.811057503154,"Treatment"
1474,253.016327875574,"Treatment"
1475,320.261630018347,"Treatment"
1476,345.391437457281,"Treatment"
1477,234.844396052073,"Treatment"
1478,268.026087425534,"Treatment"
1479,250.790777081226,"Treatment"
1480,359.869801108768,"Treatment"
1481,296.538199753453,"Treatment"
1482,177.96866413018,"Treatment"
1483,245.294565021234,"Treatment"
1484,152.362514414699,"Treatment"
1485,262.351738077423,"Treatment"
1486,302.198222666485,"Treatment"
1487,222.275518937162,"Treatment"
1488,202.874660396269,"Treatment"
1489,329.789208707524,"Treatment"
1490,218.768501020581,"Treatment"
1491,312.389194053205,"Treatment"
1492,277.703680683459,"Treatment"
1493,311.051156137449,"Treatment"
1494,317.127249914139,"Treatment"
1495,323.995525228388,"Treatment"
1496,328.801792615388,"Treatment"
1497,281.770075507134,"Treatment"
1498,275.588051180273,"Treatment"
1499,219.230535865228,"Treatment"
1500,206.479543947163,"Treatment"
1501,236.930850108171,"Treatment"
1502,260.209193171006,"Treatment"
1503,217.636360753974,"Treatment"
1504,308.596250730913,"Treatment"
1505,227.247024179226,"Treatment"
1506,284.023230600791,"Treatment"
1507,310.521491017346,"Treatment"
1508,207.891949737681,"Treatment"
1509,318.144698786748,"Treatment"
1510,161.578271187833,"Treatment"
1511,278.488131884966,"Treatment"
1512,342.585539577688,"Treatment"
1513,294.771899457534,"Treatment"
1514,312.743940062469,"Treatment"
1515,239.330168786024,"Treatment"
1516,281.918804475501,"Treatment"
1517,322.318976982607,"Treatment"
1518,200.542520758379,"Treatment"
1519,317.084706444301,"Treatment"
1520,196.53480631213,"Treatment"
1521,242.060948765937,"Treatment"
1522,398.137842624423,"Treatment"
1523,292.533278301426,"Treatment"
1524,262.45784028904,"Treatment"
1525,315.938283960544,"Treatment"
1526,254.809567155584,"Treatment"
1527,298.090447960682,"Treatment"
1528,249.770239007684,"Treatment"
1529,149.238772707925,"Treatment"
1530,290.619381667682,"Treatment"
1531,241.425990260654,"Treatment"
1532,238.319890012194,"Treatment"
1533,267.18986018643,"Treatment"
1534,334.127546476391,"Treatment"
1535,281.773075577971,"Treatment"
1536,309.089347180272,"Treatment"
1537,298.453214911024,"Treatment"
1538,272.079919973153,"Treatment"
1539,300.556043733051,"Treatment"
1540,260.084181271914,"Treatment"
1541,204.53438734238,"Treatment"
1542,284.381762210768,"Treatment"
1543,153.10931704142,"Treatment"
1544,217.689540940318,"Treatment"
1545,264.02293282239,"Treatment"
1546,258.962025476294,"Treatment"
1547,245.981923982985,"Treatment"
1548,316.429550816431,"Treatment"
1549,213.519310444569,"Treatment"
1550,136.317826649244,"Treatment"
1551,306.022594883108,"Treatment"
1552,269.255253677704,"Treatment"
1553,261.575542055122,"Treatment"
1554,247.438784496452,"Treatment"
1555,182.65002478357,"Treatment"
1556,219.364777242416,"Treatment"
1557,292.37070560517,"Treatment"
1558,267.940804950336,"Treatment"
1559,196.054481320719,"Treatment"
1560,296.908596567612,"Treatment"
1561,306.318981087161,"Treatment"
1562,260.268347704888,"Treatment"
1563,266.180674119234,"Treatment"
1564,337.457020411755,"Treatment"
1565,286.741934940113,"Treatment"
1566,327.993756403623,"Treatment"
1567,264.746139356351,"Treatment"
1568,340.974392241939,"Treatment"
1569,263.21581066538,"Treatment"
1570,312.887422859978,"Treatment"
1571,249.761064312879,"Treatment"
1572,213.149867197304,"Treatment"
1573,317.080236367914,"Treatment"
1574,381.800202038567,"Treatment"
1575,250.706094227499,"Treatment"
1576,340.442806426466,"Treatment"
1577,255.154553341307,"Treatment"
1578,313.174655894521,"Treatment"
1579,217.54040966493,"Treatment"
1580,280.782313914335,"Treatment"
1581,228.816945321948,"Treatment"
1582,199.394400790001,"Treatment"
1583,299.7512205114,"Treatment"
1584,347.482338017748,"Treatment"
1585,227.574651706104,"Treatment"
1586,222.8061943737,"Treatment"
1587,213.374269410321,"Treatment"
1588,244.092950927608,"Treatment"
1589,300.282350778911,"Treatment"
1590,302.611410620936,"Treatment"
1591,289.147711374958,"Treatment"
1592,304.979365602959,"Treatment"
1593,243.556116699044,"Treatment"
1594,258.364501105808,"Treatment"
1595,301.10249496929,"Treatment"
1596,252.921133587923,"Treatment"
1597,218.918871303409,"Treatment"
1598,198.117492763372,"Treatment"
1599,401.879331831918,"Treatment"
1600,182.014247221853,"Treatment"
1601,268.46583263971,"Treatment"
1602,363.715716807562,"Treatment"
1603,308.875543758898,"Treatment"
1604,257.732683445767,"Treatment"
1605,293.666458888219,"Treatment"
1606,356.247812100738,"Treatment"
1607,276.481390991507,"Treatment"
1608,238.54562439067,"Treatment"
1609,339.594647228606,"Treatment"
1610,360.449672628266,"Treatment"
1611,217.772255313123,"Treatment"
1612,302.937838195218,"Treatment"
1613,273.467364847913,"Treatment"
1614,302.082065444668,"Treatment"
1615,293.334891594372,"Treatment"
1616,265.97434505227,"Treatment"
1617,288.912552365349,"Treatment"
1618,206.473571714923,"Treatment"
1619,196.779002808555,"Treatment"
1620,303.037457860466,"Treatment"
1621,271.301775163836,"Treatment"
1622,260.419147929577,"Treatment"
1623,183.197401053008,"Treatment"
1624,238.525100461594,"Treatment"
1625,276.610257544827,"Treatment"
1626,242.683853962359,"Treatment"
1627,271.064200649694,"Treatment"
1628,286.244862339215,"Treatment"
1629,260.124901448091,"Treatment"
1630,288.379655461955,"Treatment"
1631,254.846777573032,"Treatment"
1632,251.082358607305,"Treatment"
1633,254.294680324599,"Treatment"
1634,298.944371508153,"Treatment"
1635,308.053269158304,"Treatment"
1636,383.773954329098,"Treatment"
1637,217.834622119447,"Treatment"
1638,231.627127999687,"Treatment"
1639,299.207455067496,"Treatment"
1640,348.88326649731,"Treatment"
1641,328.332408733215,"Treatment"
1642,243.614719083459,"Treatment"
1643,233.088446813101,"Treatment"
1644,351.820113566522,"Treatment"
1645,344.142342504453,"Treatment"
1646,277.726379603047,"Treatment"
1647,352.034414787616,"Treatment"
1648,266.600658517605,"Treatment"
1649,226.104981759862,"Treatment"
1650,264.469491485823,"Treatment"
1651,270.996054327452,"Treatment"
1652,189.021445105298,"Treatment"
1653,258.425102162685,"Treatment"
1654,246.069645358383,"Treatment"
1655,291.564340901658,"Treatment"
1656,240.438578438449,"Treatment"
1657,291.111005886745,"Treatment"
1658,293.814552002466,"Treatment"
1659,253.033789607055,"Treatment"
1660,264.824636764971,"Treatment"
1661,386.075764597976,"Treatment"
1662,344.401555667781,"Treatment"
1663,344.738099926449,"Treatment"
1664,269.905561505696,"Treatment"
1665,225.011054223642,"Treatment"
1666,295.556172432774,"Treatment"
1667,270.302389128153,"Treatment"
1668,446.232974646499,"Treatment"
1669,170.405222317437,"Treatment"
1670,256.858374787701,"Treatment"
1671,341.185760213655,"Treatment"
1672,162.074179991775,"Treatment"
1673,254.017566697162,"Treatment"
1674,283.703396794359,"Treatment"
1675,256.018120418339,"Treatment"
1676,220.411409835545,"Treatment"
1677,260.887989085171,"Treatment"
1678,333.926421173088,"Treatment"
1679,199.583440497782,"Treatment"
1680,337.741786225499,"Treatment"
1681,312.702447275734,"Treatment"
1682,205.165604075334,"Treatment"
1683,191.961982266269,"Treatment"
1684,268.726934194827,"Treatment"
1685,281.314982270135,"Treatment"
1686,326.31040469228,"Treatment"
1687,265.122531407873,"Treatment"
1688,288.018579698678,"Treatment"
1689,331.462324117138,"Treatment"
1690,325.534459254981,"Treatment"
1691,308.304682704236,"Treatment"
1692,283.195853254524,"Treatment"
1693,286.047520572727,"Treatment"
1694,327.130979139665,"Treatment"
1695,322.110287536607,"Treatment"
1696,263.924253001043,"Treatment"
1697,285.229495699789,"Treatment"
1698,351.627614999289,"Treatment"
1699,340.568350623599,"Treatment"
1700,218.137616932794,"Treatment"
1701,339.410083729097,"Treatment"
1702,262.707216970407,"Treatment"
1703,188.311509917327,"Treatment"
1704,331.623807973335,"Treatment"
1705,271.223387778386,"Treatment"
1706,315.352299824004,"Treatment"
1707,363.955649710851,"Treatment"
1708,320.993631908282,"Treatment"
1709,249.320323658342,"Treatment"
1710,260.253843764072,"Treatment"
1711,217.643378334625,"Treatment"
1712,225.91459269698,"Treatment"
1713,291.476546125737,"Treatment"
1714,252.036127054526,"Treatment"
1715,299.912744928718,"Treatment"
1716,308.62047748354,"Treatment"
1717,285.173163061135,"Treatment"
1718,247.067717069152,"Treatment"
1719,192.103500524715,"Treatment"
1720,272.731408763623,"Treatment"
1721,215.109169133169,"Treatment"
1722,299.298943563078,"Treatment"
1723,305.642270002929,"Treatment"
1724,282.800707906021,"Treatment"
1725,215.094358760088,"Treatment"
1726,229.243135495557,"Treatment"
1727,242.424784515371,"Treatment"
1728,274.361287255392,"Treatment"
1729,384.825152164267,"Treatment"
1730,220.966561644705,"Treatment"
1731,159.157610839558,"Treatment"
1732,260.979997521935,"Treatment"
1733,225.037783521815,"Treatment"
1734,158.378004564261,"Treatment"
1735,223.284601192286,"Treatment"
1736,248.321032554875,"Treatment"
1737,211.890114395179,"Treatment"
1738,302.782993033172,"Treatment"
1739,312.382015284209,"Treatment"
1740,250.759743310743,"Treatment"
1741,192.920703385913,"Treatment"
1742,296.708556943177,"Treatment"
1743,224.256265644023,"Treatment"
1744,225.504123168373,"Treatment"
1745,274.455340748208,"Treatment"
1746,218.192697930798,"Treatment"
1747,252.265779617181,"Treatment"
1748,228.451254209233,"Treatment"
1749,286.614185353937,"Treatment"
1750,224.684704755775,"Treatment"
1751,224.812003453477,"Treatment"
1752,218.905577785587,"Treatment"
1753,267.552482667827,"Treatment"
1754,327.747448271092,"Treatment"
1755,222.556074213086,"Treatment"
1756,277.90506307233,"Treatment"
1757,234.194150019648,"Treatment"
1758,212.574207635967,"Treatment"
1759,321.556544905385,"Treatment"
1760,238.53863391711,"Treatment"
1761,348.04050652953,"Treatment"
1762,232.650577720813,"Treatment"
1763,299.849835178432,"Treatment"
1764,322.534610761735,"Treatment"
1765,374.036036503316,"Treatment"
1766,225.45140954338,"Treatment"
1767,270.820292809907,"Treatment"
1768,313.791222309953,"Treatment"
1769,241.91666485676,"Treatment"
1770,296.742673192559,"Treatment"
1771,245.467441543181,"Treatment"
1772,210.33304736636,"Treatment"
1773,155.141422011519,"Treatment"
1774,292.731978622157,"Treatment"
1775,249.904644241854,"Treatment"
1776,352.893871440964,"Treatment"
1777,211.181104567102,"Treatment"
1778,242.576019041858,"Treatment"
1779,307.366614670388,"Treatment"
1780,253.949562916461,"Treatment"
1781,291.402995891329,"Treatment"
1782,334.639191048475,"Treatment"
1783,375.840779565463,"Treatment"
1784,269.569355560342,"Treatment"
1785,225.095227738229,"Treatment"
1786,212.769249534579,"Treatment"
1787,239.673361546333,"Treatment"
1788,245.674514764765,"Treatment"
1789,206.450122230011,"Treatment"
1790,296.889649888951,"Treatment"
1791,338.194789454197,"Treatment"
1792,244.835068722083,"Treatment"
1793,214.983326716286,"Treatment"
1794,203.305146079638,"Treatment"
1795,305.50758060059,"Treatment"
1796,268.576131098826,"Treatment"
1797,171.757262428087,"Treatment"
1798,260.812241142721,"Treatment"
1799,267.016418860672,"Treatment"
1800,224.811082763557,"Treatment"
1801,205.933331478554,"Treatment"
1802,244.350700319225,"Treatment"
1803,231.884003435944,"Treatment"
1804,233.280980725744,"Treatment"
1805,151.848840475705,"Treatment"
1806,259.533354760856,"Treatment"
1807,314.434479498506,"Treatment"
1808,324.818123026178,"Treatment"
1809,370.717624294881,"Treatment"
1810,280.264498516073,"Treatment"
1811,214.399808542977,"Treatment"
1812,292.117111810931,"Treatment"
1813,321.992251156093,"Treatment"
1814,361.325241520709,"Treatment"
1815,307.56267503447,"Treatment"
1816,337.912190439698,"Treatment"
1817,288.958495085148,"Treatment"
1818,203.124919569945,"Treatment"
1819,223.931339739428,"Treatment"
1820,361.349293748554,"Treatment"
1821,302.204365659145,"Treatment"
1822,233.613973733399,"Treatment"
1823,231.714282897142,"Treatment"
1824,220.964071004281,"Treatment"
1825,274.423664599801,"Treatment"
1826,254.499131943361,"Treatment"
1827,219.911552294435,"Treatment"
1828,327.709950931946,"Treatment"
1829,267.928321650011,"Treatment"
1830,304.891584972877,"Treatment"
1831,247.9968650002,"Treatment"
1832,275.747435667361,"Treatment"
1833,318.676165451238,"Treatment"
1834,300.786199771624,"Treatment"
1835,314.064062145628,"Treatment"
1836,175.668496374303,"Treatment"
1837,275.860219064828,"Treatment"
1838,257.409606902637,"Treatment"
1839,234.490064499509,"Treatment"
1840,238.965182937,"Treatment"
1841,350.788289664997,"Treatment"
1842,288.526730021962,"Treatment"
1843,259.769668982138,"Treatment"
1844,313.951285607205,"Treatment"
1845,239.725162523835,"Treatment"
1846,273.942518160782,"Treatment"
1847,339.343115667628,"Treatment"
1848,250.368595692473,"Treatment"
1849,227.042186386839,"Treatment"
1850,239.58536274338,"Treatment"
1851,214.460189774029,"Treatment"
1852,279.633124551666,"Treatment"
1853,283.393092699765,"Treatment"
1854,309.783620024525,"Treatment"
1855,357.088113581375,"Treatment"
1856,337.262040587437,"Treatment"
1857,204.460410293217,"Treatment"
1858,366.955442723638,"Treatment"
1859,273.963924379607,"Treatment"
1860,247.666544828014,"Treatment"
1861,359.781784522174,"Treatment"
1862,288.442769223814,"Treatment"
1863,353.539506979489,"Treatment"
1864,264.823816293034,"Treatment"
1865,230.445709593124,"Treatment"
1866,168.701796188969,"Treatment"
1867,323.343265759426,"Treatment"
1868,222.595780578294,"Treatment"
1869,310.5679630196,"Treatment"
1870,272.994678330817,"Treatment"
1871,290.62174724017,"Treatment"
1872,330.331995491003,"Treatment"
1873,242.734181052655,"Treatment"
1874,243.923320690783,"Treatment"
1875,255.412083136062,"Treatment"
1876,320.017688621909,"Treatment"
1877,243.260714774936,"Treatment"
1878,258.224485952114,"Treatment"
1879,306.816224954457,"Treatment"
1880,305.937265792654,"Treatment"
1881,306.840128312305,"Treatment"
1882,269.452578641817,"Treatment"
1883,305.130646741741,"Treatment"
1884,281.29965348182,"Treatment"
1885,235.359248092359,"Treatment"
1886,357.219224040055,"Treatment"
1887,173.849451349288,"Treatment"
1888,309.276419060653,"Treatment"
1889,284.08338414473,"Treatment"
1890,268.138880307173,"Treatment"
1891,236.430000577668,"Treatment"
1892,253.973661376262,"Treatment"
1893,357.283515732152,"Treatment"
1894,262.150036649817,"Treatment"
1895,247.775665010747,"Treatment"
1896,223.081892874749,"Treatment"
1897,242.221073903154,"Treatment"
1898,262.785377321277,"Treatment"
1899,199.11389664725,"Treatment"
1900,324.134890838354,"Treatment"
1901,271.891351872359,"Treatment"
1902,340.251051429838,"Treatment"
1903,316.521792636214,"Treatment"
1904,337.719337536114,"Treatment"
1905,200.205111534333,"Treatment"
1906,295.979181919663,"Treatment"
1907,248.908939285068,"Treatment"
1908,264.657377517411,"Treatment"
1909,237.026126429411,"Treatment"
1910,277.755224661142,"Treatment"
1911,271.681574273952,"Treatment"
1912,161.008279243433,"Treatment"
1913,309.622154441235,"Treatment"
1914,274.718728615663,"Treatment"
1915,218.406917989729,"Treatment"
1916,211.928608203843,"Treatment"
1917,232.487755585145,"Treatment"
1918,187.818253889438,"Treatment"
1919,273.888303325692,"Treatment"
1920,342.117197748141,"Treatment"
1921,276.644079357414,"Treatment"
1922,293.357736726191,"Treatment"
1923,192.839685439881,"Treatment"
1924,190.03996383453,"Treatment"
1925,222.178355654284,"Treatment"
1926,303.053498987411,"Treatment"
1927,222.774902765673,"Treatment"
1928,294.929926285428,"Treatment"
1929,256.063124757686,"Treatment"
1930,286.18117411933,"Treatment"
1931,215.043994487658,"Treatment"
1932,219.550387571459,"Treatment"
1933,261.791952300827,"Treatment"
1934,256.564444863805,"Treatment"
1935,177.563490237391,"Treatment"
1936,293.854221054325,"Treatment"
1937,169.515196495358,"Treatment"
1938,246.238276922339,"Treatment"
1939,269.756483529651,"Treatment"
1940,231.900014045561,"Treatment"
1941,196.808048371301,"Treatment"
1942,247.058803455374,"Treatment"
1943,261.47891002176,"Treatment"
1944,220.79607743633,"Treatment"
1945,199.137849979212,"Treatment"
1946,207.269775862436,"Treatment"
1947,240.575611035611,"Treatment"
1948,244.368655663953,"Treatment"
1949,337.974259658067,"Treatment"
1950,202.715942774214,"Treatment"
1951,286.057446968099,"Treatment"
1952,246.126569945111,"Treatment"
1953,271.643071039387,"Treatment"
1954,233.820773211189,"Treatment"
1955,307.141369475378,"Treatment"
1956,181.845867730272,"Treatment"
1957,274.695353628242,"Treatment"
1958,268.303774996068,"Treatment"
1959,319.793168954255,"Treatment"
1960,255.776644282475,"Treatment"
1961,291.829819468652,"Treatment"
1962,286.981697731842,"Treatment"
1963,234.654362465726,"Treatment"
1964,262.811861760623,"Treatment"
1965,260.318939999524,"Treatment"
1966,322.98019277371,"Treatment"
1967,278.96104862913,"Treatment"
1968,281.530110792893,"Treatment"
1969,384.180070920932,"Treatment"
1970,287.81490561932,"Treatment"
1971,285.124053893464,"Treatment"
1972,293.584131273806,"Treatment"
1973,344.40211191699,"Treatment"
1974,315.074415030289,"Treatment"
1975,283.921808930323,"Treatment"
1976,236.452349786544,"Treatment"
1977,284.85260252051,"Treatment"
1978,274.075433993859,"Treatment"
1979,175.185432811068,"Treatment"
1980,189.948447680308,"Treatment"
1981,177.280856779107,"Treatment"
1982,337.725745422937,"Treatment"
1983,297.916894588049,"Treatment"
1984,149.477230640036,"Treatment"
1985,290.351579304706,"Treatment"
1986,270.191596907176,"Treatment"
1987,254.186977908986,"Treatment"
1988,229.773898087332,"Treatment"
1989,203.548736172789,"Treatment"
1990,310.13140039654,"Treatment"
1991,238.153266405149,"Treatment"
1992,260.386632585498,"Treatment"
1993,296.3414050294,"Treatment"
1994,293.75001384988,"Treatment"
1995,247.329503151637,"Treatment"
1996,239.969529139532,"Treatment"
1997,279.972545761729,"Treatment"
1998,208.086061949557,"Treatment"
1999,282.306923927434,"Treatment"
2000,275.674061456018,"Treatment"
